<?xml version="1.0" encoding="ISO-8859-1" ?>
<link_info>
   <banner>TI ARM Linker Unix v18.12.4.LTS</banner>
   <copyright>Copyright (c) 1996-2018 Texas Instruments Incorporated</copyright>
   <link_time>0x60741305</link_time>
   <link_errors>0x0</link_errors>
   <output_file>MyFirstBlinky.out</output_file>
   <entry_point>
      <name>_c_int00_noinit_noargs</name>
      <address>0x399</address>
   </entry_point>
   <input_file_list>
      <input_file id="fl-1">
         <path>./</path>
         <kind>object</kind>
         <file>main.obj</file>
         <name>main.obj</name>
      </input_file>
      <input_file id="fl-2">
         <path>./</path>
         <kind>object</kind>
         <file>startup_ccs.obj</file>
         <name>startup_ccs.obj</name>
      </input_file>
      <input_file id="fl-6">
         <kind>object</kind>
         <file>&lt;internal&gt;</file>
         <name>&lt;internal&gt;</name>
      </input_file>
      <input_file id="fl-bc">
         <path>/Applications/ccs/tools/compiler/ti-cgt-arm_18.12.4.LTS/lib/</path>
         <kind>archive</kind>
         <file>rtsv7M4_T_le_v4SPD16_eabi.lib</file>
         <name>copy_zero_init.c.obj</name>
      </input_file>
      <input_file id="fl-bd">
         <path>/Applications/ccs/tools/compiler/ti-cgt-arm_18.12.4.LTS/lib/</path>
         <kind>archive</kind>
         <file>rtsv7M4_T_le_v4SPD16_eabi.lib</file>
         <name>copy_decompress_none.c.obj</name>
      </input_file>
      <input_file id="fl-be">
         <path>/Applications/ccs/tools/compiler/ti-cgt-arm_18.12.4.LTS/lib/</path>
         <kind>archive</kind>
         <file>rtsv7M4_T_le_v4SPD16_eabi.lib</file>
         <name>copy_decompress_lzss.c.obj</name>
      </input_file>
      <input_file id="fl-bf">
         <path>/Applications/ccs/tools/compiler/ti-cgt-arm_18.12.4.LTS/lib/</path>
         <kind>archive</kind>
         <file>rtsv7M4_T_le_v4SPD16_eabi.lib</file>
         <name>boot_cortex_m.c.obj</name>
      </input_file>
      <input_file id="fl-c0">
         <path>/Applications/ccs/tools/compiler/ti-cgt-arm_18.12.4.LTS/lib/</path>
         <kind>archive</kind>
         <file>rtsv7M4_T_le_v4SPD16_eabi.lib</file>
         <name>memcpy_t2.asm.obj</name>
      </input_file>
      <input_file id="fl-c1">
         <path>/Applications/ccs/tools/compiler/ti-cgt-arm_18.12.4.LTS/lib/</path>
         <kind>archive</kind>
         <file>rtsv7M4_T_le_v4SPD16_eabi.lib</file>
         <name>memset_t2.asm.obj</name>
      </input_file>
      <input_file id="fl-c2">
         <path>/Applications/ccs/tools/compiler/ti-cgt-arm_18.12.4.LTS/lib/</path>
         <kind>archive</kind>
         <file>rtsv7M4_T_le_v4SPD16_eabi.lib</file>
         <name>autoinit.c.obj</name>
      </input_file>
      <input_file id="fl-c3">
         <path>/Applications/ccs/tools/compiler/ti-cgt-arm_18.12.4.LTS/lib/</path>
         <kind>archive</kind>
         <file>rtsv7M4_T_le_v4SPD16_eabi.lib</file>
         <name>pre_init.c.obj</name>
      </input_file>
      <input_file id="fl-c4">
         <path>/Applications/ccs/tools/compiler/ti-cgt-arm_18.12.4.LTS/lib/</path>
         <kind>archive</kind>
         <file>rtsv7M4_T_le_v4SPD16_eabi.lib</file>
         <name>cpy_tbl.c.obj</name>
      </input_file>
      <input_file id="fl-c5">
         <path>/Applications/ccs/tools/compiler/ti-cgt-arm_18.12.4.LTS/lib/</path>
         <kind>archive</kind>
         <file>rtsv7M4_T_le_v4SPD16_eabi.lib</file>
         <name>exit.c.obj</name>
      </input_file>
      <input_file id="fl-c6">
         <path>/Applications/ccs/tools/compiler/ti-cgt-arm_18.12.4.LTS/lib/</path>
         <kind>archive</kind>
         <file>rtsv7M4_T_le_v4SPD16_eabi.lib</file>
         <name>_lock.c.obj</name>
      </input_file>
      <input_file id="fl-c7">
         <path>/Applications/ccs/tools/compiler/ti-cgt-arm_18.12.4.LTS/lib/</path>
         <kind>archive</kind>
         <file>rtsv7M4_T_le_v4SPD16_eabi.lib</file>
         <name>args_main.c.obj</name>
      </input_file>
   </input_file_list>
   <object_component_list>
      <object_component id="oc-f">
         <name>.intvecs</name>
         <load_address>0x0</load_address>
         <run_address>0x0</run_address>
         <size>0x208</size>
         <input_file_ref idref="fl-2"/>
      </object_component>
      <object_component id="oc-98">
         <name>.text</name>
         <load_address>0x208</load_address>
         <run_address>0x208</run_address>
         <size>0x190</size>
         <input_file_ref idref="fl-1"/>
      </object_component>
      <object_component id="oc-50">
         <name>.text:_c_int00_noinit_noargs:_c_int00_noinit_noargs</name>
         <load_address>0x398</load_address>
         <run_address>0x398</run_address>
         <size>0x2c</size>
         <input_file_ref idref="fl-bf"/>
      </object_component>
      <object_component id="oc-24">
         <name>.text</name>
         <load_address>0x3c4</load_address>
         <run_address>0x3c4</run_address>
         <size>0xc</size>
         <input_file_ref idref="fl-2"/>
      </object_component>
      <object_component id="oc-92">
         <name>.text:_system_pre_init</name>
         <load_address>0x3d0</load_address>
         <run_address>0x3d0</run_address>
         <size>0x4</size>
         <input_file_ref idref="fl-c3"/>
      </object_component>
      <object_component id="oc-c1">
         <name>.text:abort:abort</name>
         <load_address>0x3d4</load_address>
         <run_address>0x3d4</run_address>
         <size>0x4</size>
         <input_file_ref idref="fl-c5"/>
      </object_component>
      <object_component id="oc-21">
         <name>.stack</name>
         <uninitialized>true</uninitialized>
         <run_address>0x20000000</run_address>
         <size>0x4</size>
         <input_file_ref idref="fl-bf"/>
      </object_component>
      <object_component id="oc-179">
         <name>.stack</name>
         <uninitialized>true</uninitialized>
         <run_address>0x20000000</run_address>
         <size>0x0</size>
      </object_component>
      <object_component id="oc-af">
         <name>.debug_info</name>
         <load_address>0x0</load_address>
         <run_address>0x0</run_address>
         <size>0x263</size>
         <input_file_ref idref="fl-1"/>
      </object_component>
      <object_component id="oc-99">
         <name>.debug_info</name>
         <load_address>0x263</load_address>
         <run_address>0x263</run_address>
         <size>0x100</size>
         <input_file_ref idref="fl-1"/>
      </object_component>
      <object_component id="oc-6d">
         <name>.debug_info</name>
         <load_address>0x363</load_address>
         <run_address>0x363</run_address>
         <size>0x26b</size>
         <input_file_ref idref="fl-1"/>
      </object_component>
      <object_component id="oc-33">
         <name>.debug_info</name>
         <load_address>0x5ce</load_address>
         <run_address>0x5ce</run_address>
         <size>0x84</size>
         <input_file_ref idref="fl-1"/>
      </object_component>
      <object_component id="oc-aa">
         <name>.debug_info</name>
         <load_address>0x652</load_address>
         <run_address>0x652</run_address>
         <size>0x297</size>
         <input_file_ref idref="fl-1"/>
      </object_component>
      <object_component id="oc-72">
         <name>.debug_info</name>
         <load_address>0x8e9</load_address>
         <run_address>0x8e9</run_address>
         <size>0xbb</size>
         <input_file_ref idref="fl-1"/>
      </object_component>
      <object_component id="oc-2c">
         <name>.debug_info</name>
         <load_address>0x9a4</load_address>
         <run_address>0x9a4</run_address>
         <size>0x2a8</size>
         <input_file_ref idref="fl-2"/>
      </object_component>
      <object_component id="oc-10">
         <name>.debug_info</name>
         <load_address>0xc4c</load_address>
         <run_address>0xc4c</run_address>
         <size>0xe7</size>
         <input_file_ref idref="fl-2"/>
      </object_component>
      <object_component id="oc-25">
         <name>.debug_info</name>
         <load_address>0xd33</load_address>
         <run_address>0xd33</run_address>
         <size>0x1f6</size>
         <input_file_ref idref="fl-2"/>
      </object_component>
      <object_component id="oc-22">
         <name>.debug_info</name>
         <load_address>0xf29</load_address>
         <run_address>0xf29</run_address>
         <size>0x10a</size>
         <input_file_ref idref="fl-bf"/>
      </object_component>
      <object_component id="oc-51">
         <name>.debug_info</name>
         <load_address>0x1033</load_address>
         <run_address>0x1033</run_address>
         <size>0x1a1</size>
         <input_file_ref idref="fl-bf"/>
      </object_component>
      <object_component id="oc-93">
         <name>.debug_info</name>
         <load_address>0x11d4</load_address>
         <run_address>0x11d4</run_address>
         <size>0x152</size>
         <input_file_ref idref="fl-c3"/>
      </object_component>
      <object_component id="oc-c2">
         <name>.debug_info</name>
         <load_address>0x1326</load_address>
         <run_address>0x1326</run_address>
         <size>0x121</size>
         <input_file_ref idref="fl-c5"/>
      </object_component>
      <object_component id="oc-17a">
         <name>.debug_info</name>
         <load_address>0x1447</load_address>
         <run_address>0x1447</run_address>
         <size>0xa7</size>
      </object_component>
      <object_component id="oc-100">
         <name>.debug_line</name>
         <load_address>0x0</load_address>
         <run_address>0x0</run_address>
         <size>0x20</size>
         <input_file_ref idref="fl-1"/>
      </object_component>
      <object_component id="oc-9c">
         <name>.debug_line</name>
         <load_address>0x20</load_address>
         <run_address>0x20</run_address>
         <size>0xc9</size>
         <input_file_ref idref="fl-1"/>
      </object_component>
      <object_component id="oc-70">
         <name>.debug_line</name>
         <load_address>0xe9</load_address>
         <run_address>0xe9</run_address>
         <size>0x70</size>
         <input_file_ref idref="fl-1"/>
      </object_component>
      <object_component id="oc-36">
         <name>.debug_line</name>
         <load_address>0x159</load_address>
         <run_address>0x159</run_address>
         <size>0x20</size>
         <input_file_ref idref="fl-1"/>
      </object_component>
      <object_component id="oc-ad">
         <name>.debug_line</name>
         <load_address>0x179</load_address>
         <run_address>0x179</run_address>
         <size>0x74</size>
         <input_file_ref idref="fl-1"/>
      </object_component>
      <object_component id="oc-75">
         <name>.debug_line</name>
         <load_address>0x1ed</load_address>
         <run_address>0x1ed</run_address>
         <size>0x71</size>
         <input_file_ref idref="fl-1"/>
      </object_component>
      <object_component id="oc-6c">
         <name>.debug_line</name>
         <load_address>0x25e</load_address>
         <run_address>0x25e</run_address>
         <size>0x34</size>
         <input_file_ref idref="fl-2"/>
      </object_component>
      <object_component id="oc-2b">
         <name>.debug_line</name>
         <load_address>0x292</load_address>
         <run_address>0x292</run_address>
         <size>0x34</size>
         <input_file_ref idref="fl-2"/>
      </object_component>
      <object_component id="oc-28">
         <name>.debug_line</name>
         <load_address>0x2c6</load_address>
         <run_address>0x2c6</run_address>
         <size>0x94</size>
         <input_file_ref idref="fl-2"/>
      </object_component>
      <object_component id="oc-69">
         <name>.debug_line</name>
         <load_address>0x35a</load_address>
         <run_address>0x35a</run_address>
         <size>0x33</size>
         <input_file_ref idref="fl-bf"/>
      </object_component>
      <object_component id="oc-54">
         <name>.debug_line</name>
         <load_address>0x38d</load_address>
         <run_address>0x38d</run_address>
         <size>0x48</size>
         <input_file_ref idref="fl-bf"/>
      </object_component>
      <object_component id="oc-96">
         <name>.debug_line</name>
         <load_address>0x3d5</load_address>
         <run_address>0x3d5</run_address>
         <size>0x40</size>
         <input_file_ref idref="fl-c3"/>
      </object_component>
      <object_component id="oc-c5">
         <name>.debug_line</name>
         <load_address>0x415</load_address>
         <run_address>0x415</run_address>
         <size>0x3c</size>
         <input_file_ref idref="fl-c5"/>
      </object_component>
      <object_component id="oc-9d">
         <name>.debug_frame</name>
         <load_address>0x0</load_address>
         <run_address>0x0</run_address>
         <size>0x58</size>
         <input_file_ref idref="fl-1"/>
      </object_component>
      <object_component id="oc-29">
         <name>.debug_frame</name>
         <load_address>0x58</load_address>
         <run_address>0x58</run_address>
         <size>0x90</size>
         <input_file_ref idref="fl-2"/>
      </object_component>
      <object_component id="oc-55">
         <name>.debug_frame</name>
         <load_address>0xe8</load_address>
         <run_address>0xe8</run_address>
         <size>0x50</size>
         <input_file_ref idref="fl-bf"/>
      </object_component>
      <object_component id="oc-97">
         <name>.debug_frame</name>
         <load_address>0x138</load_address>
         <run_address>0x138</run_address>
         <size>0x54</size>
         <input_file_ref idref="fl-c3"/>
      </object_component>
      <object_component id="oc-c6">
         <name>.debug_frame</name>
         <load_address>0x18c</load_address>
         <run_address>0x18c</run_address>
         <size>0x54</size>
         <input_file_ref idref="fl-c5"/>
      </object_component>
      <object_component id="oc-ff">
         <name>.debug_abbrev</name>
         <load_address>0x0</load_address>
         <run_address>0x0</run_address>
         <size>0x27</size>
         <input_file_ref idref="fl-1"/>
      </object_component>
      <object_component id="oc-c0">
         <name>.debug_abbrev</name>
         <load_address>0x27</load_address>
         <run_address>0x27</run_address>
         <size>0x52</size>
         <input_file_ref idref="fl-1"/>
      </object_component>
      <object_component id="oc-6f">
         <name>.debug_abbrev</name>
         <load_address>0x79</load_address>
         <run_address>0x79</run_address>
         <size>0x69</size>
         <input_file_ref idref="fl-1"/>
      </object_component>
      <object_component id="oc-35">
         <name>.debug_abbrev</name>
         <load_address>0xe2</load_address>
         <run_address>0xe2</run_address>
         <size>0x1f</size>
         <input_file_ref idref="fl-1"/>
      </object_component>
      <object_component id="oc-ac">
         <name>.debug_abbrev</name>
         <load_address>0x101</load_address>
         <run_address>0x101</run_address>
         <size>0x5c</size>
         <input_file_ref idref="fl-1"/>
      </object_component>
      <object_component id="oc-74">
         <name>.debug_abbrev</name>
         <load_address>0x15d</load_address>
         <run_address>0x15d</run_address>
         <size>0x24</size>
         <input_file_ref idref="fl-1"/>
      </object_component>
      <object_component id="oc-6b">
         <name>.debug_abbrev</name>
         <load_address>0x181</load_address>
         <run_address>0x181</run_address>
         <size>0x68</size>
         <input_file_ref idref="fl-2"/>
      </object_component>
      <object_component id="oc-2a">
         <name>.debug_abbrev</name>
         <load_address>0x1e9</load_address>
         <run_address>0x1e9</run_address>
         <size>0x29</size>
         <input_file_ref idref="fl-2"/>
      </object_component>
      <object_component id="oc-6a">
         <name>.debug_abbrev</name>
         <load_address>0x212</load_address>
         <run_address>0x212</run_address>
         <size>0xcb</size>
         <input_file_ref idref="fl-2"/>
      </object_component>
      <object_component id="oc-68">
         <name>.debug_abbrev</name>
         <load_address>0x2dd</load_address>
         <run_address>0x2dd</run_address>
         <size>0x29</size>
         <input_file_ref idref="fl-bf"/>
      </object_component>
      <object_component id="oc-9f">
         <name>.debug_abbrev</name>
         <load_address>0x306</load_address>
         <run_address>0x306</run_address>
         <size>0x55</size>
         <input_file_ref idref="fl-bf"/>
      </object_component>
      <object_component id="oc-bf">
         <name>.debug_abbrev</name>
         <load_address>0x35b</load_address>
         <run_address>0x35b</run_address>
         <size>0x55</size>
         <input_file_ref idref="fl-c3"/>
      </object_component>
      <object_component id="oc-101">
         <name>.debug_abbrev</name>
         <load_address>0x3b0</load_address>
         <run_address>0x3b0</run_address>
         <size>0x45</size>
         <input_file_ref idref="fl-c5"/>
      </object_component>
      <object_component id="oc-17b">
         <name>.debug_abbrev</name>
         <load_address>0x3f5</load_address>
         <run_address>0x3f5</run_address>
         <size>0xf</size>
      </object_component>
      <object_component id="oc-71">
         <name>.debug_str</name>
         <load_address>0x0</load_address>
         <run_address>0x0</run_address>
         <size>0x2b9</size>
         <input_file_ref idref="fl-1"/>
      </object_component>
      <object_component id="oc-37">
         <name>.debug_str</name>
         <load_address>0x2b9</load_address>
         <run_address>0x2b9</run_address>
         <size>0x100</size>
         <input_file_ref idref="fl-1"/>
      </object_component>
      <object_component id="oc-ae">
         <name>.debug_str</name>
         <load_address>0x3b9</load_address>
         <run_address>0x3b9</run_address>
         <size>0x348</size>
         <input_file_ref idref="fl-1"/>
      </object_component>
      <object_component id="oc-76">
         <name>.debug_str</name>
         <load_address>0x701</load_address>
         <run_address>0x701</run_address>
         <size>0x151</size>
         <input_file_ref idref="fl-1"/>
      </object_component>
      <object_component id="oc-9a">
         <name>.debug_aranges</name>
         <load_address>0x0</load_address>
         <run_address>0x0</run_address>
         <size>0x20</size>
         <input_file_ref idref="fl-1"/>
      </object_component>
      <object_component id="oc-26">
         <name>.debug_aranges</name>
         <load_address>0x20</load_address>
         <run_address>0x20</run_address>
         <size>0x38</size>
         <input_file_ref idref="fl-2"/>
      </object_component>
      <object_component id="oc-52">
         <name>.debug_aranges</name>
         <load_address>0x58</load_address>
         <run_address>0x58</run_address>
         <size>0x20</size>
         <input_file_ref idref="fl-bf"/>
      </object_component>
      <object_component id="oc-94">
         <name>.debug_aranges</name>
         <load_address>0x78</load_address>
         <run_address>0x78</run_address>
         <size>0x20</size>
         <input_file_ref idref="fl-c3"/>
      </object_component>
      <object_component id="oc-c3">
         <name>.debug_aranges</name>
         <load_address>0x98</load_address>
         <run_address>0x98</run_address>
         <size>0x20</size>
         <input_file_ref idref="fl-c5"/>
      </object_component>
      <object_component id="oc-9b">
         <name>.debug_pubnames</name>
         <load_address>0x0</load_address>
         <run_address>0x0</run_address>
         <size>0x1b</size>
         <input_file_ref idref="fl-1"/>
      </object_component>
      <object_component id="oc-11">
         <name>.debug_pubnames</name>
         <load_address>0x1b</load_address>
         <run_address>0x1b</run_address>
         <size>0x23</size>
         <input_file_ref idref="fl-2"/>
      </object_component>
      <object_component id="oc-27">
         <name>.debug_pubnames</name>
         <load_address>0x3e</load_address>
         <run_address>0x3e</run_address>
         <size>0x4c</size>
         <input_file_ref idref="fl-2"/>
      </object_component>
      <object_component id="oc-23">
         <name>.debug_pubnames</name>
         <load_address>0x8a</load_address>
         <run_address>0x8a</run_address>
         <size>0x1e</size>
         <input_file_ref idref="fl-bf"/>
      </object_component>
      <object_component id="oc-53">
         <name>.debug_pubnames</name>
         <load_address>0xa8</load_address>
         <run_address>0xa8</run_address>
         <size>0x2d</size>
         <input_file_ref idref="fl-bf"/>
      </object_component>
      <object_component id="oc-95">
         <name>.debug_pubnames</name>
         <load_address>0xd5</load_address>
         <run_address>0xd5</run_address>
         <size>0x27</size>
         <input_file_ref idref="fl-c3"/>
      </object_component>
      <object_component id="oc-c4">
         <name>.debug_pubnames</name>
         <load_address>0xfc</load_address>
         <run_address>0xfc</run_address>
         <size>0x1c</size>
         <input_file_ref idref="fl-c5"/>
      </object_component>
      <object_component id="oc-6e">
         <name>.debug_pubtypes</name>
         <load_address>0x0</load_address>
         <run_address>0x0</run_address>
         <size>0x25c</size>
         <input_file_ref idref="fl-1"/>
      </object_component>
      <object_component id="oc-34">
         <name>.debug_pubtypes</name>
         <load_address>0x25c</load_address>
         <run_address>0x25c</run_address>
         <size>0xed</size>
         <input_file_ref idref="fl-1"/>
      </object_component>
      <object_component id="oc-ab">
         <name>.debug_pubtypes</name>
         <load_address>0x349</load_address>
         <run_address>0x349</run_address>
         <size>0x325</size>
         <input_file_ref idref="fl-1"/>
      </object_component>
      <object_component id="oc-73">
         <name>.debug_pubtypes</name>
         <load_address>0x66e</load_address>
         <run_address>0x66e</run_address>
         <size>0xaa</size>
         <input_file_ref idref="fl-1"/>
      </object_component>
   </object_component_list>
   <logical_group_list>
      <logical_group id="lg-3" display="no" color="cyan">
         <name>.intvecs</name>
         <load_address>0x0</load_address>
         <run_address>0x0</run_address>
         <size>0x208</size>
         <contents>
            <object_component_ref idref="oc-f"/>
         </contents>
      </logical_group>
      <logical_group id="lg-4" display="no" color="cyan">
         <name>.text</name>
         <load_address>0x208</load_address>
         <run_address>0x208</run_address>
         <size>0x1d0</size>
         <contents>
            <object_component_ref idref="oc-98"/>
            <object_component_ref idref="oc-50"/>
            <object_component_ref idref="oc-24"/>
            <object_component_ref idref="oc-92"/>
            <object_component_ref idref="oc-c1"/>
         </contents>
      </logical_group>
      <logical_group id="lg-5" display="no" color="cyan">
         <name>.const</name>
         <run_address>0x0</run_address>
         <size>0x0</size>
         <contents>
         </contents>
      </logical_group>
      <logical_group id="lg-6" display="no" color="cyan">
         <name>.cinit</name>
         <run_address>0x0</run_address>
         <size>0x0</size>
         <contents>
         </contents>
      </logical_group>
      <logical_group id="lg-7" display="no" color="cyan">
         <name>.pinit</name>
         <run_address>0x0</run_address>
         <size>0x0</size>
         <contents>
         </contents>
      </logical_group>
      <logical_group id="lg-8" display="no" color="cyan">
         <name>.init_array</name>
         <run_address>0x0</run_address>
         <size>0x0</size>
         <contents>
         </contents>
      </logical_group>
      <logical_group id="lg-9" display="no" color="cyan">
         <name>.vtable</name>
         <run_address>0x0</run_address>
         <size>0x0</size>
         <contents>
         </contents>
      </logical_group>
      <logical_group id="lg-a" display="no" color="cyan">
         <name>.data</name>
         <run_address>0x0</run_address>
         <size>0x0</size>
         <contents>
         </contents>
      </logical_group>
      <logical_group id="lg-b" display="no" color="cyan">
         <name>.bss</name>
         <run_address>0x0</run_address>
         <size>0x0</size>
         <contents>
         </contents>
      </logical_group>
      <logical_group id="lg-c" display="no" color="cyan">
         <name>.sysmem</name>
         <run_address>0x0</run_address>
         <size>0x0</size>
         <contents>
         </contents>
      </logical_group>
      <logical_group id="lg-d" display="no" color="cyan">
         <name>.stack</name>
         <run_address>0x20000000</run_address>
         <size>0x800</size>
         <contents>
            <object_component_ref idref="oc-21"/>
            <object_component_ref idref="oc-179"/>
         </contents>
      </logical_group>
      <logical_group id="lg-151" display="no" color="cyan">
         <name>.TI.noinit</name>
         <run_address>0x0</run_address>
         <size>0x0</size>
         <contents>
         </contents>
      </logical_group>
      <logical_group id="lg-152" display="no" color="cyan">
         <name>.TI.persistent</name>
         <run_address>0x0</run_address>
         <size>0x0</size>
         <contents>
         </contents>
      </logical_group>
      <logical_group id="lg-160" display="never" color="cyan">
         <name>.debug_info</name>
         <load_address>0x0</load_address>
         <run_address>0x0</run_address>
         <size>0x14ee</size>
         <contents>
            <object_component_ref idref="oc-af"/>
            <object_component_ref idref="oc-99"/>
            <object_component_ref idref="oc-6d"/>
            <object_component_ref idref="oc-33"/>
            <object_component_ref idref="oc-aa"/>
            <object_component_ref idref="oc-72"/>
            <object_component_ref idref="oc-2c"/>
            <object_component_ref idref="oc-10"/>
            <object_component_ref idref="oc-25"/>
            <object_component_ref idref="oc-22"/>
            <object_component_ref idref="oc-51"/>
            <object_component_ref idref="oc-93"/>
            <object_component_ref idref="oc-c2"/>
            <object_component_ref idref="oc-17a"/>
         </contents>
      </logical_group>
      <logical_group id="lg-162" display="never" color="cyan">
         <name>.debug_line</name>
         <load_address>0x0</load_address>
         <run_address>0x0</run_address>
         <size>0x451</size>
         <contents>
            <object_component_ref idref="oc-100"/>
            <object_component_ref idref="oc-9c"/>
            <object_component_ref idref="oc-70"/>
            <object_component_ref idref="oc-36"/>
            <object_component_ref idref="oc-ad"/>
            <object_component_ref idref="oc-75"/>
            <object_component_ref idref="oc-6c"/>
            <object_component_ref idref="oc-2b"/>
            <object_component_ref idref="oc-28"/>
            <object_component_ref idref="oc-69"/>
            <object_component_ref idref="oc-54"/>
            <object_component_ref idref="oc-96"/>
            <object_component_ref idref="oc-c5"/>
         </contents>
      </logical_group>
      <logical_group id="lg-164" display="never" color="cyan">
         <name>.debug_frame</name>
         <load_address>0x0</load_address>
         <run_address>0x0</run_address>
         <size>0x1e0</size>
         <contents>
            <object_component_ref idref="oc-9d"/>
            <object_component_ref idref="oc-29"/>
            <object_component_ref idref="oc-55"/>
            <object_component_ref idref="oc-97"/>
            <object_component_ref idref="oc-c6"/>
         </contents>
      </logical_group>
      <logical_group id="lg-166" display="never" color="cyan">
         <name>.debug_abbrev</name>
         <load_address>0x0</load_address>
         <run_address>0x0</run_address>
         <size>0x404</size>
         <contents>
            <object_component_ref idref="oc-ff"/>
            <object_component_ref idref="oc-c0"/>
            <object_component_ref idref="oc-6f"/>
            <object_component_ref idref="oc-35"/>
            <object_component_ref idref="oc-ac"/>
            <object_component_ref idref="oc-74"/>
            <object_component_ref idref="oc-6b"/>
            <object_component_ref idref="oc-2a"/>
            <object_component_ref idref="oc-6a"/>
            <object_component_ref idref="oc-68"/>
            <object_component_ref idref="oc-9f"/>
            <object_component_ref idref="oc-bf"/>
            <object_component_ref idref="oc-101"/>
            <object_component_ref idref="oc-17b"/>
         </contents>
      </logical_group>
      <logical_group id="lg-168" display="never" color="cyan">
         <name>.debug_str</name>
         <load_address>0x0</load_address>
         <run_address>0x0</run_address>
         <size>0x852</size>
         <contents>
            <object_component_ref idref="oc-71"/>
            <object_component_ref idref="oc-37"/>
            <object_component_ref idref="oc-ae"/>
            <object_component_ref idref="oc-76"/>
         </contents>
      </logical_group>
      <logical_group id="lg-16a" display="never" color="cyan">
         <name>.debug_aranges</name>
         <load_address>0x0</load_address>
         <run_address>0x0</run_address>
         <size>0xb8</size>
         <contents>
            <object_component_ref idref="oc-9a"/>
            <object_component_ref idref="oc-26"/>
            <object_component_ref idref="oc-52"/>
            <object_component_ref idref="oc-94"/>
            <object_component_ref idref="oc-c3"/>
         </contents>
      </logical_group>
      <logical_group id="lg-16c" display="never" color="cyan">
         <name>.debug_pubnames</name>
         <load_address>0x0</load_address>
         <run_address>0x0</run_address>
         <size>0x118</size>
         <contents>
            <object_component_ref idref="oc-9b"/>
            <object_component_ref idref="oc-11"/>
            <object_component_ref idref="oc-27"/>
            <object_component_ref idref="oc-23"/>
            <object_component_ref idref="oc-53"/>
            <object_component_ref idref="oc-95"/>
            <object_component_ref idref="oc-c4"/>
         </contents>
      </logical_group>
      <logical_group id="lg-16e" display="never" color="cyan">
         <name>.debug_pubtypes</name>
         <load_address>0x0</load_address>
         <run_address>0x0</run_address>
         <size>0x718</size>
         <contents>
            <object_component_ref idref="oc-6e"/>
            <object_component_ref idref="oc-34"/>
            <object_component_ref idref="oc-ab"/>
            <object_component_ref idref="oc-73"/>
         </contents>
      </logical_group>
      <load_segment id="lg-17c" display="no" color="cyan">
         <name>SEGMENT_0</name>
         <load_address>0x0</load_address>
         <run_address>0x0</run_address>
         <size>0x3d8</size>
         <flags>0x5</flags>
         <contents>
            <logical_group_ref idref="lg-3"/>
            <logical_group_ref idref="lg-4"/>
         </contents>
      </load_segment>
      <load_segment id="lg-17d" display="no" color="cyan">
         <name>SEGMENT_1</name>
         <run_address>0x20000000</run_address>
         <size>0x800</size>
         <flags>0x6</flags>
         <contents>
            <logical_group_ref idref="lg-d"/>
         </contents>
      </load_segment>
   </logical_group_list>
   <placement_map>
      <memory_area display="yes" color="green">
         <name>FLASH</name>
         <page_id>0x0</page_id>
         <origin>0x0</origin>
         <length>0x100000</length>
         <used_space>0x3d8</used_space>
         <unused_space>0xffc28</unused_space>
         <attributes>RX</attributes>
         <usage_details>
            <allocated_space>
               <start_address>0x0</start_address>
               <size>0x208</size>
               <logical_group_ref idref="lg-3"/>
            </allocated_space>
            <allocated_space>
               <start_address>0x208</start_address>
               <size>0x1d0</size>
               <logical_group_ref idref="lg-4"/>
            </allocated_space>
            <available_space>
               <start_address>0x3d8</start_address>
               <size>0xffc28</size>
            </available_space>
         </usage_details>
      </memory_area>
      <memory_area display="yes" color="green">
         <name>SRAM</name>
         <page_id>0x0</page_id>
         <origin>0x20000000</origin>
         <length>0x40000</length>
         <used_space>0x800</used_space>
         <unused_space>0x3f800</unused_space>
         <attributes>RWX</attributes>
         <usage_details>
            <allocated_space>
               <start_address>0x20000000</start_address>
               <size>0x800</size>
               <logical_group_ref idref="lg-d"/>
            </allocated_space>
            <available_space>
               <start_address>0x20000800</start_address>
               <size>0x3f800</size>
            </available_space>
         </usage_details>
      </memory_area>
   </placement_map>
   <symbol_table>
      <symbol id="sm-1">
         <name>__STACK_TOP</name>
         <value>0x20000200</value>
      </symbol>
      <symbol id="sm-2">
         <name>binit</name>
         <value>0xffffffff</value>
      </symbol>
      <symbol id="sm-3">
         <name>__binit__</name>
         <value>0xffffffff</value>
      </symbol>
      <symbol id="sm-4">
         <name>__STACK_SIZE</name>
         <value>0x800</value>
      </symbol>
      <symbol id="sm-5">
         <name>__STACK_END</name>
         <value>0x20000800</value>
      </symbol>
      <symbol id="sm-6">
         <name>__c_args__</name>
         <value>0xffffffff</value>
      </symbol>
      <symbol id="sm-7">
         <name>__TI_pprof_out_hndl</name>
         <value>0xffffffff</value>
      </symbol>
      <symbol id="sm-8">
         <name>__TI_prof_data_start</name>
         <value>0xffffffff</value>
      </symbol>
      <symbol id="sm-9">
         <name>__TI_prof_data_size</name>
         <value>0xffffffff</value>
      </symbol>
      <symbol id="sm-a">
         <name>__TI_static_base__</name>
         <value>0x0</value>
      </symbol>
      <symbol id="sm-5d">
         <name>main</name>
         <value>0x209</value>
         <object_component_ref idref="oc-98"/>
      </symbol>
      <symbol id="sm-79">
         <name>ResetISR</name>
         <value>0x3c5</value>
         <object_component_ref idref="oc-24"/>
      </symbol>
      <symbol id="sm-7a">
         <name>g_pfnVectors</name>
         <value>0x0</value>
         <object_component_ref idref="oc-f"/>
      </symbol>
      <symbol id="sm-90">
         <name>_c_int00_noinit_noargs</name>
         <value>0x399</value>
         <object_component_ref idref="oc-50"/>
      </symbol>
      <symbol id="sm-91">
         <name>__stack</name>
         <value>0x20000000</value>
         <object_component_ref idref="oc-21"/>
      </symbol>
      <symbol id="sm-9e">
         <name>_system_pre_init</name>
         <value>0x3d1</value>
         <object_component_ref idref="oc-92"/>
      </symbol>
      <symbol id="sm-aa">
         <name>C$$EXIT</name>
         <value>0x3d5</value>
         <object_component_ref idref="oc-c1"/>
      </symbol>
      <symbol id="sm-ab">
         <name>abort</name>
         <value>0x3d5</value>
         <object_component_ref idref="oc-c1"/>
      </symbol>
      <symbol id="sm-ae">
         <name>__mpu_init</name>
         <value>0x0</value>
      </symbol>
   </symbol_table>
   <title>Link successful</title>
</link_info>
